nameserver,domain_count
ns5.afternic.com,3192989
ns6.afternic.com,3192889
verification-gakbzzzqmt6gkcplw4efpp.ns101.verify.hn,2804519
dns2.registrar-servers.com,2398979
dns1.registrar-servers.com,2398979
ns1.dns-parking.com,1408730
ns2.dns-parking.com,1408632
dns1.onamae.com,1287882
dns2.onamae.com,1287881
ns7.alidns.com,1030642
ns8.alidns.com,1030632
ns1.alidns.com,932199
ns2.alidns.com,932168
n2.xundns.com,827081
n1.xundns.com,827016
launch1.spaceship.net,696003
launch2.spaceship.net,695996
fortaleza.ns.porkbun.com,661463
salvador.ns.porkbun.com,661433
maceio.ns.porkbun.com,661422
curitiba.ns.porkbun.com,661388
ns2.dyna-ns.net,626798
ns1.dyna-ns.net,626797
ns1.afternic.com,571711
ns2.afternic.com,571471
ns2.dnsip.com,493934
ns1.dnsip.com,493534
dns101.registrar-servers.com,467312
dns102.registrar-servers.com,467312
ns2.dnsowl.com,440922
ns1.dnsowl.com,440921
ns3.dnsowl.com,429230
dns1.namecheaphosting.com,370651
dns2.namecheaphosting.com,370590
ns-cloud-a1.googledomains.com,302210
ns-cloud-a2.googledomains.com,302136
ns1.wordpress.com,302008
ns2.wordpress.com,301993
ns-cloud-b1.googledomains.com,298784
ns-cloud-b2.googledomains.com,298695
ns-cloud-b3.googledomains.com,298620
ns-cloud-b4.googledomains.com,298573
ns-cloud-e1.googledomains.com,298201
ns-cloud-d1.googledomains.com,298183
ns-cloud-e2.googledomains.com,298135
ns-cloud-d2.googledomains.com,298102
ns-cloud-e3.googledomains.com,298053
ns-cloud-c1.googledomains.com,298051
ns-cloud-e4.googledomains.com,298022
ns-cloud-d3.googledomains.com,297995
ns-cloud-c2.googledomains.com,297990
ns-cloud-d4.googledomains.com,297942
ns-cloud-c3.googledomains.com,297902
ns-cloud-c4.googledomains.com,297845
ns-cloud-a3.googledomains.com,297235
ns-cloud-a4.googledomains.com,297185
ns3.wordpress.com,288371
ns1.bluehost.com,264532
ns2.bluehost.com,264512
ns1.363.hk,243455
ns2.363.hk,243455
5014.ns2.abovedomains.com,197537
5014.ns1.abovedomains.com,197537
ns1.taoa.com,194514
ns2.taoa.com,194514
dns1.onamae-expired.com,187422
dns2.onamae-expired.com,187422
ns1.crazydomains.com,186043
ns2.crazydomains.com,186038
ns49.domaincontrol.com,185339
ns50.domaincontrol.com,185337
ns1.reg.ru,181596
ns2.reg.ru,181595
ns38.domaincontrol.com,181573
ns37.domaincontrol.com,181572
ns08.domaincontrol.com,181411
ns07.domaincontrol.com,181371
ns30.domaincontrol.com,179618
ns29.domaincontrol.com,179618
ns72.domaincontrol.com,179535
ns71.domaincontrol.com,179532
ns13.domaincontrol.com,179250
ns76.domaincontrol.com,179250
ns14.domaincontrol.com,179247
ns75.domaincontrol.com,179247
ns64.domaincontrol.com,179242
ns63.domaincontrol.com,179241
ns16.domaincontrol.com,178985
ns15.domaincontrol.com,178985
ns40.domaincontrol.com,178830
ns39.domaincontrol.com,178829
ns73.domaincontrol.com,178781
ns74.domaincontrol.com,178778
ns28.domaincontrol.com,178731
ns27.domaincontrol.com,178731
ns.udag.net,178543
ns.udag.org,178541
ns.udag.de,178539
ns33.domaincontrol.com,178447
ns34.domaincontrol.com,178444
ns67.domaincontrol.com,178385
ns68.domaincontrol.com,178384
ns21.domaincontrol.com,178247
ns22.domaincontrol.com,178245
ns60.domaincontrol.com,178158
ns59.domaincontrol.com,178157
ns55.domaincontrol.com,177921
ns56.domaincontrol.com,177919
ns32.domaincontrol.com,177003
ns31.domaincontrol.com,177002
ns45.domaincontrol.com,176998
ns46.domaincontrol.com,176996
ns54.domaincontrol.com,176784
ns53.domaincontrol.com,176783
ns11.domaincontrol.com,176761
ns12.domaincontrol.com,176761
ns35.domaincontrol.com,176669
ns36.domaincontrol.com,176667
ns66.domaincontrol.com,176479
ns65.domaincontrol.com,176478
ns24.domaincontrol.com,176421
ns23.domaincontrol.com,176420
ns77.domaincontrol.com,176413
ns78.domaincontrol.com,176412
ns18.domaincontrol.com,176258
ns17.domaincontrol.com,176256
ns57.domaincontrol.com,176018
ns58.domaincontrol.com,176014
ns04.domaincontrol.com,175965
ns03.domaincontrol.com,175963
ns43.domaincontrol.com,175866
ns44.domaincontrol.com,175839
ns02.squarespacedns.com,175613
ns20.domaincontrol.com,175442
ns19.domaincontrol.com,175442
ns10.domaincontrol.com,175437
ns09.domaincontrol.com,175398
ns05.domaincontrol.com,175132
ns06.domaincontrol.com,175131
ns01.squarespacedns.com,174822
ns2.activateidea.com,174645
ns1.activateidea.com,174645
ns42.domaincontrol.com,174615
ns41.domaincontrol.com,174613
ns70.domaincontrol.com,174001
ns69.domaincontrol.com,174000
ns25.domaincontrol.com,173856
ns26.domaincontrol.com,173855
ns51.domaincontrol.com,173349
ns52.domaincontrol.com,173347
ns1.hover.com,172592
ns2.hover.com,172557
ns48.domaincontrol.com,172330
ns47.domaincontrol.com,172329
ns3.363.hk,171505
ns4.363.hk,171505
a.dnspod.com,171241
c.dnspod.com,170821
bysdomains.venus.orderbox-dns.com,170526
bysdomains.mars.orderbox-dns.com,170526
b.dnspod.com,170339
ns03.squarespacedns.com,168935
ns04.squarespacedns.com,168697
ns2.sedopark.net,168658
ns1.sedopark.net,168566
ns1.vercel-dns.com,163496
ns2.vercel-dns.com,163407
ns1.dreamhost.com,157584
ns2.dreamhost.com,157569
ns02.domaincontrol.com,157463
ns01.domaincontrol.com,157463
ns2.domain.com,157115
ns1.domain.com,157072
dns1.name-services.com,153528
dns2.name-services.com,153522
dns3.name-services.com,153449
dns4.name-services.com,153415
dns5.name-services.com,153235
ns5.363.hk,153136
ns6.363.hk,153136
ns3.dreamhost.com,152452
ns2.ns306.parklogic.com,140094
ns1.ns306.parklogic.com,140094
ns1.siteground.net,136077
ns2.siteground.net,136009
verify-contact-details.namecheap.com,135010
failed-whois-verification.namecheap.com,135010
ns1.sedoparking.com,120496
ns2.sedoparking.com,120442
ns3.nameserver.net.au,119775
ns1.nameserver.net.au,119774
ns2.nameserver.net.au,119770
ns1.natrohost.com,117810
ns2.natrohost.com,117784
ns1.dns-expired.com,117426
ns2.dns-expired.com,117426
ns3.afternic.com,114419
ns4.afternic.com,113829
expirens3.hichina.com,109174
expirens4.hichina.com,109174
dns.technorail.com,107616
dns2.technorail.com,107615
dns4.arubadns.cz,107592
dns3.arubadns.net,107565
ns1.hosting.reg.ru,106449
ns2.hosting.reg.ru,106447
dns1.cscdns.net,106170
dns2.cscdns.net,106162
ns1.beget.com,100835
ns2.beget.com,100806
ns1.beget.pro,99492
ns2.beget.pro,99323
ns4.myhostadmin.net,91327
ns3.myhostadmin.net,90125
02.dnsv.jp,89508
01.dnsv.jp,89500
ns1.donweb.com,89002
ns2.donweb.com,88992
ns15.abovedomains.com,87537
ns16.abovedomains.com,87537
ns5.kasserver.com,87517
ns6.kasserver.com,87462
03.dnsv.jp,86959
04.dnsv.jp,86958
ns1.turkticaret.net,85095
ns1.dns-redirect.com,84569
ns2.dns-redirect.com,84569
ns1.markmonitor.com,83119
ns3.turkticaret.net,82937
ns1.xserver.jp,82914
ns2.xserver.jp,82892
ns1.digitalocean.com,82881
ns2.digitalocean.com,82827
ns2.turkticaret.net,82806
ns2kry.name.com,82448
ns62.domaincontrol.com,81694
ns61.domaincontrol.com,81693
ns3gnv.name.com,79682
ns3.xserver.jp,79631
ns4cjp.name.com,78915
ns4.xserver.jp,77974
ns3.markmonitor.com,77747
ns1gjz.name.com,77535
ns3.digitalocean.com,77455
ns5.xserver.jp,77167
sc-d.sinkhole.shadowserver.org,76805
sc-c.sinkhole.shadowserver.org,76805
sc-b.sinkhole.shadowserver.org,76805
sc-a.sinkhole.shadowserver.org,76805
dns1.p01.nsone.net,74360
dns2.p01.nsone.net,74294
ns1.verification-hold.suspended-domain.com,74257
ns2.verification-hold.suspended-domain.com,74256
dns3.p01.nsone.net,74082
dns4.p01.nsone.net,73640
ns2.markmonitor.com,73099
dm2.longmingdns.com,71487
dm1.longmingdns.com,71487
ns4.markmonitor.com,71210
rosa.ns.cloudflare.com,69246
ns12.wixdns.net,68173
ns13.wixdns.net,68155
darl.ns.cloudflare.com,66653
ns5.markmonitor.com,66385
ns1cnb.name.com,66345
ns3cna.name.com,66317
ns1.wixdns.net,66017
ns1.adsnameserver.com,65938
ns2.adsnameserver.com,65937
ns0.wixdns.net,65748
ns8.wixdns.net,65711
ns9.wixdns.net,65695
ns4.wixdns.net,65630
ns5.wixdns.net,65613
norman.ns.cloudflare.com,65400
ns14.wixdns.net,65332
ns15.wixdns.net,65327
ns2.wixdns.net,65279
ns11.wixdns.net,65262
ns10.wixdns.net,65250
ns3.wixdns.net,65014
ns6.wixdns.net,64787
ns7.wixdns.net,64780
nile.ns.cloudflare.com,64762
ns1.systemdns.com,64736
ns1.myhostadmin.net,64693
ns2.myhostadmin.net,64693
ns3.systemdns.com,64636
ns2.systemdns.com,64610
ns5.myhostadmin.net,64121
dns9.hichina.com,62284
dns10.hichina.com,62282
ns1.judns.com,62278
ns2.judns.com,62276
ns6.myhostadmin.net,62098
ns6.markmonitor.com,60411
henry.ns.cloudflare.com,60276
ns1.register.it,59968
ns2.register.it,59967
adel.ns.cloudflare.com,59688
ns7.markmonitor.com,58832
micah.ns.cloudflare.com,56926
ns01.one.com,56463
ns02.one.com,56460
dns02.muumuu-domain.com,54306
dns01.muumuu-domain.com,54306
sofia.ns.cloudflare.com,53920
ns1.domainactive.org,53305
ns2.domainactive.org,53305
ns01.cashparking.com,52201
ns02.cashparking.com,52183
destiny.ns.cloudflare.com,51838
verification-ryl9l7cn2xbgckdbkcguz6.ns101.verify.hn,51556
candy.ns.cloudflare.com,51540
coleman.ns.cloudflare.com,50728
ns2.transip.eu,50706
ns1.transip.nl,50493
bonnie.ns.cloudflare.com,50466
ns0.transip.net,50422
ns1.atom.com,49987
ns2.atom.com,49961
dns101.register.com,49947
dns102.register.com,49935
ajay.ns.cloudflare.com,49731
dns2.bigrock.in,49547
dns1.bigrock.in,49501
nelly.ns.cloudflare.com,49164
aragorn.ns.cloudflare.com,49092
ns1.gm111.parklogic.com,48996
ns2.gm111.parklogic.com,48996
sasha.ns.cloudflare.com,48939
alberto.ns.cloudflare.com,48403
dns3.bigrock.in,48065
dns4.bigrock.in,48058
dns2.register.com,46017
dns1.register.com,46014
jason.ns.cloudflare.com,45307
nsn2.mijndomein.nl,45158
nsn1.mijndomein.nl,45152
ns2.hyp.net,44900
ns1.hyp.net,44899
ns3.hyp.net,44887
pdns2.registrar-servers.com,43743
pdns1.registrar-servers.com,43743
ns1.parkingcrew.net,43304
ns2.parkingcrew.net,43302
aiden.ns.cloudflare.com,42766
ns2.livedns.co.uk,42344
ns1.livedns.co.uk,42328
donald.ns.cloudflare.com,42195
ns1.dnsimple.com,41817
ns3.dnsimple.com,41693
sierra.ns.cloudflare.com,41176
dns16.hichina.com,41013
dns15.hichina.com,41011
ns3.livedns.co.uk,41000
hgns2.hostgator.com,40798
hgns1.hostgator.com,40796
pdns04.domaincontrol.com,40723
pdns03.domaincontrol.com,40720
raegan.ns.cloudflare.com,40647
heather.ns.cloudflare.com,40354
ns1.openprovider.nl,39765
ns2.openprovider.be,39559
ns3.openprovider.eu,39507
sue.ns.cloudflare.com,39465
laura.ns.cloudflare.com,38827
april.ns.cloudflare.com,38806
dawn.ns.cloudflare.com,38741
ns4.dnsimple-edge.org,38707
dns20.hichina.com,38604
dns19.hichina.com,38604
dns1.hichina.com,38544
dns2.hichina.com,38514
ns12.abovedomains.com,38512
ns11.abovedomains.com,38512
dns1.p04.nsone.net,38468
dns28.hichina.com,38427
dns27.hichina.com,38425
ns2.dnsimple-edge.net,38398
dns23.hichina.com,38329
dns24.hichina.com,38327
dns2.p04.nsone.net,38297
dns21.hichina.com,38295
dns22.hichina.com,38294
magnolia.ns.cloudflare.com,38292
bella.ns.cloudflare.com,38291
dns3.p04.nsone.net,38248
dns4.p04.nsone.net,38219
dns25.hichina.com,38127
dns26.hichina.com,38125
dns13.hichina.com,38124
dns14.hichina.com,38120
dns32.hichina.com,38040
dns11.hichina.com,38037
dns31.hichina.com,38034
dns12.hichina.com,38030
dns29.hichina.com,37993
dns30.hichina.com,37986
leia.ns.cloudflare.com,37979
dns17.hichina.com,37958
dns18.hichina.com,37954
ns.zxcs.nl,37929
dns2.p05.nsone.net,37919
ns.zxcs.be,37900
ns.zxcs.eu,37850
dns1.p05.nsone.net,37823
dns8.hichina.com,37809
dns7.hichina.com,37804
lily.ns.cloudflare.com,37744
dns3.p05.nsone.net,37739
dns4.p05.nsone.net,37581
dns3.hichina.com,37513
dns4.hichina.com,37498
lady.ns.cloudflare.com,37488
ulla.ns.cloudflare.com,37448
dns2.p03.nsone.net,37220
diva.ns.cloudflare.com,37169
dns1.p03.nsone.net,37157
dns3.p03.nsone.net,37121
dns4.p03.nsone.net,36985
ns1.cnolnic.net,36866
ns2.cnolnic.net,36866
5579.ns1.abovedomains.com,36690
5579.ns2.abovedomains.com,36690
pdns11.domaincontrol.com,36689
pdns12.domaincontrol.com,36688
ns1.domainnamedns.com,36617
ns2.domainnamedns.com,36616
ns2.cdmon.net,36551
ns1.cdmon.net,36545
b.ns14.net,36448
ns1.renewyourname.net,36349
ns2.renewyourname.net,36349
ivan.ns.cloudflare.com,36297
pdns10.domaincontrol.com,36160
ns3.cdmon.net,36158
pdns09.domaincontrol.com,36151
ns1.your-server.de,36135
ns.second-ns.com,36063
c.ns14.net,36026
dns2.p07.nsone.net,36006
dns2.p08.nsone.net,35898
d.ns14.net,35875
dns4.p07.nsone.net,35845
dns1.p08.nsone.net,35842
ns3.second-ns.de,35818
dns1.p06.nsone.net,35784
dns2.p06.nsone.net,35765
dns3.p08.nsone.net,35731
aida.ns.cloudflare.com,35709
ns4.cdmondns-01.org,35700
dns4.p08.nsone.net,35693
dns3.p06.nsone.net,35628
dns4.p06.nsone.net,35576
jose.ns.cloudflare.com,35502
peyton.ns.cloudflare.com,35432
dns1.p07.nsone.net,35335
pdns13.domaincontrol.com,35247
pdns14.domaincontrol.com,35245
verification-m3erh32ujyoastvophjvuz.ns101.verify.hn,35239
dns3.p07.nsone.net,35203
tom.ns.cloudflare.com,35165
dns1.p02.nsone.net,34984
dns2.p02.nsone.net,34963
june.ns.cloudflare.com,34882
dns3.p02.nsone.net,34767
pdns08.domaincontrol.com,34732
pdns07.domaincontrol.com,34731
dns4.p02.nsone.net,34610
a.ns14.net,34512
ns01.hostnet.nl,34402
ns02.hostnet.nl,34402
paityn.ns.cloudflare.com,34306
vivienne.ns.cloudflare.com,33884
justin.ns.cloudflare.com,33738
ns3.inwx.eu,33677
becky.ns.cloudflare.com,33644
james.ns.cloudflare.com,33439
emerson.ns.cloudflare.com,33383
denver.ns.cloudflare.com,33358
dns3.hostgator.com.br,33327
dns4.hostgator.com.br,33326
ns1.dns.ne.jp,33300
ns2.dns.ne.jp,33287
olivia.ns.cloudflare.com,33149
ingrid.ns.cloudflare.com,33145
jermaine.ns.cloudflare.com,32855
meiling.ns.cloudflare.com,32845
ns1.bdm.microsoftonline.com,32646
rick.ns.cloudflare.com,32632
ns2.bdm.microsoftonline.com,32608
norm.ns.cloudflare.com,32507
magdalena.ns.cloudflare.com,32482
ns1.emailverification.info,32399
ns2.emailverification.info,32395
lucy.ns.cloudflare.com,32076
ns2.globaldomaingroup.com,32005
ns1.globaldomaingroup.com,32005
brianna.ns.cloudflare.com,31962
nick.ns.cloudflare.com,31913
ignat.ns.cloudflare.com,31908
erin.ns.cloudflare.com,31818
b.ns36.de,31809
a.ns36.de,31809
chase.ns.cloudflare.com,31797
dean.ns.cloudflare.com,31591
hope.ns.cloudflare.com,31590
beau.ns.cloudflare.com,31574
ns2.hostpoint.ch,31526
ns.hostpoint.ch,31508
dalary.ns.cloudflare.com,31488
pdns06.domaincontrol.com,31477
pdns05.domaincontrol.com,31473
bob.ns.cloudflare.com,31433
jaziel.ns.cloudflare.com,31329
ns2.inmotionhosting.com,31294
ns3.hostpoint.ch,31278
felipe.ns.cloudflare.com,31225
ns2fln.name.com,31221
ns4lpv.name.com,31211
ali.ns.cloudflare.com,31000
apollo.ns.cloudflare.com,30945
rommy.ns.cloudflare.com,30915
priscilla.ns.cloudflare.com,30848
ns-a3.tenten.vn,30817
rita.ns.cloudflare.com,30810
dion.ns.cloudflare.com,30785
ns-a2.tenten.vn,30732
ns-a1.tenten.vn,30729
ruth.ns.cloudflare.com,30704
milan.ns.cloudflare.com,30656
galilea.ns.cloudflare.com,30626
nova.ns.cloudflare.com,30589
ns2.expired.reg.ru,30450
ns1.expired.reg.ru,30450
vasilii.ns.cloudflare.com,30285
ns3bfm.name.com,30147
kim.ns.cloudflare.com,30112
braden.ns.cloudflare.com,30104
ns1.namefind.com,30039
ns2.namefind.com,30039
ns2.inwx.de,29969
jacob.ns.cloudflare.com,29957
amit.ns.cloudflare.com,29931
ns.inwx.de,29745
ns1.1233dns.com,29651
ns2.951dns.com,29650
pns61.cloudns.net,29613
mark.ns.cloudflare.com,29587
dns2.nominalia.com,29578
maisie.ns.cloudflare.com,29568
connect1.squarespacedns.com,29566
connect2.squarespacedns.com,29566
dns1.nominalia.com,29562
pns62.cloudns.com,29515
ed.ns.cloudflare.com,29487
pns63.cloudns.net,29462
may.ns.cloudflare.com,29428
ns1bqx.name.com,29406
pns64.cloudns.uk,29345
uma.ns.cloudflare.com,29298
ns1.eurodns.com,29145
ns2.eurodns.com,29145
ns-de.1and1-dns.de,29143
ns-de.1and1-dns.com,29142
ns-de.1and1-dns.biz,29139
ns-de.1and1-dns.org,29133
lee.ns.cloudflare.com,28961
rafe.ns.cloudflare.com,28858
ns4.eurodns.com,28810
ns3.eurodns.com,28810
moura.ns.cloudflare.com,28705
aspen.ns.cloudflare.com,28600
ns1.dan.com,28593
aitana.ns.cloudflare.com,28551
ns2.dan.com,28551
sl2.sedo.com,28448
sl1.sedo.com,28444
kami.ns.cloudflare.com,28310
pdns02.domaincontrol.com,28285
hehua.ns.giantpanda.com,28199
rex.ns.cloudflare.com,28195
b12.share-dns.net,28119
a12.share-dns.com,28118
ns5.cdmondns-01.com,28085
a7.share-dns.com,28043
b7.share-dns.net,28043
tanner.ns.cloudflare.com,27975
a11.share-dns.com,27926
b11.share-dns.net,27926
b8.share-dns.net,27924
a8.share-dns.com,27924
b5.share-dns.net,27815
a5.share-dns.com,27815
zeus.ns.cloudflare.com,27801
b1.share-dns.net,27778
a1.share-dns.com,27778
rose.ns.cloudflare.com,27774
a10.share-dns.com,27764
b10.share-dns.net,27764
osmar.ns.cloudflare.com,27727
a4.share-dns.com,27721
b4.share-dns.net,27721
ns1.zomro.net,27670
a2.share-dns.com,27657
b2.share-dns.net,27657
b6.share-dns.net,27634
a6.share-dns.com,27634
ns2.zomro.ru,27626
b3.share-dns.net,27617
a3.share-dns.com,27617
will.ns.cloudflare.com,27578
b9.share-dns.net,27536
a9.share-dns.com,27536
ns1.101domain.com,27447
ns2.101domain.com,27422
ns1.stackdns.com,27396
ns2.stackdns.com,27382
josh.ns.cloudflare.com,27317
qizai.ns.giantpanda.com,27312
george.ns.cloudflare.com,27298
lana.ns.cloudflare.com,27262
kiki.ns.cloudflare.com,27234
raquel.ns.cloudflare.com,27228
expire2.gname-dns.com,27186
expire1.gname-dns.com,27186
gina.ns.cloudflare.com,27115
uns02.lolipop.jp,27100
ns3.zomro.com,27088
aarav.ns.cloudflare.com,27084
uns01.lolipop.jp,27074
dns200.anycast.me,27051
ns200.anycast.me,27046
ns1cny.name.com,27004
hattie.ns.cloudflare.com,26928
ashley.ns.cloudflare.com,26906
hal.ns.cloudflare.com,26886
hugh.ns.cloudflare.com,26835
ns4.zomro.su,26813
ns1.gabia.co.kr,26807
ns1.timeweb.ru,26791
ns2.timeweb.ru,26773
sean.ns.cloudflare.com,26751
cris.ns.cloudflare.com,26748
ns.gabia.co.kr,26739
ns.forpsi.net,26715
ns.gabia.net,26698
ns.forpsi.cz,26696
crystal.ns.cloudflare.com,26673
pdns01.domaincontrol.com,26644
augustus.ns.cloudflare.com,26626
darwin.ns.cloudflare.com,26610
b.dns.gandi.net,26590
a.dns.gandi.net,26588
piers.ns.cloudflare.com,26584
c.dns.gandi.net,26564
drake.ns.cloudflare.com,26459
verification-q2yfbmuxrvnsdnaogqtqft.ns101.verify.hn,26425
jill.ns.cloudflare.com,26424
gabe.ns.cloudflare.com,26399
love.ns.cloudflare.com,26292
ns.forpsi.it,26291
princess.ns.cloudflare.com,26136
kaiser.ns.cloudflare.com,26057
quincy.ns.cloudflare.com,26030
tr.dnsenable.com,26030
eu.dnsenable.com,26024
leonidas.ns.cloudflare.com,25977
eloise.ns.cloudflare.com,25959
alice.ns.cloudflare.com,25949
kira.ns.cloudflare.com,25870
todd.ns.cloudflare.com,25869
serena.ns.cloudflare.com,25838
us.dnsenable.com,25828
sky.ns.cloudflare.com,25813
logan.ns.cloudflare.com,25800
beth.ns.cloudflare.com,25786
kip.ns.cloudflare.com,25778
devin.ns.cloudflare.com,25775
burt.ns.cloudflare.com,25737
theo.ns.cloudflare.com,25729
archer.ns.cloudflare.com,25658
ns-a1.conoha.io,25637
ns-a2.conoha.io,25635
kara.ns.cloudflare.com,25625
cass.ns.cloudflare.com,25621
andy.ns.cloudflare.com,25614
ns3.timeweb.org,25604
lorna.ns.cloudflare.com,25503
jeff.ns.cloudflare.com,25445
elma.ns.cloudflare.com,25428
ns4.timeweb.org,25391
teresa.ns.cloudflare.com,25368
dolly.ns.cloudflare.com,25331
a.ns.gold,25304
c.ns.works,25296
b.ns.express,25295
dara.ns.cloudflare.com,25242
keenan.ns.cloudflare.com,25093
bryce.ns.cloudflare.com,25006
jule.ns.cloudflare.com,24982
vip8.alidns.com,24831
vip7.alidns.com,24829
ns2.whois.com,24822
ns1.whois.com,24814
ns-a3.conoha.io,24764
aryanna.ns.cloudflare.com,24755
alexis.ns.cloudflare.com,24719
lia.ns.cloudflare.com,24704
robert.ns.cloudflare.com,24662
gracie.ns.cloudflare.com,24657
ns1.loopia.se,24636
ns2.loopia.se,24634
anna.ns.cloudflare.com,24551
matt.ns.cloudflare.com,24544
ns2.dondominio.com,24539
emma.ns.cloudflare.com,24485
ns3.stackdns.com,24374
ns10.ovh.net,24369
dns10.ovh.net,24366
ns4.stackdns.com,24068
ray.ns.cloudflare.com,24037
ns4.1111343.com,23993
ns2.1111343.com,23993
ns1.1111343.com,23993
ns3.1111343.com,23993
tia.ns.cloudflare.com,23993
ns2.dhzgs.com,23991
ns1.dhzgs.com,23991
ns4hny.name.com,23934
roxy.ns.cloudflare.com,23914
vicente.ns.cloudflare.com,23882
alfred.ns.cloudflare.com,23876
kay.ns.cloudflare.com,23840
lola.ns.cloudflare.com,23835
pranab.ns.cloudflare.com,23779
ns110.ovh.net,23722
dns110.ovh.net,23720
asa.ns.cloudflare.com,23714
eric.ns.cloudflare.com,23710
opal.ns.cloudflare.com,23698
walt.ns.cloudflare.com,23682
piper.ns.cloudflare.com,23671
s1.dnsns5.com,23610
s2.dnsns5.com,23610
rohin.ns.cloudflare.com,23597
dns16.ovh.net,23565
ns16.ovh.net,23564
isla.ns.cloudflare.com,23563
jim.ns.cloudflare.com,23549
ns2ckr.name.com,23475
ns3jkl.name.com,23447
ines.ns.cloudflare.com,23417
abby.ns.cloudflare.com,23416
ns4bty.name.com,23411
tricia.ns.cloudflare.com,23359
brodie.ns.cloudflare.com,23357
noah.ns.cloudflare.com,23326
nsgbr.comlaude.co.uk,23295
miles.ns.cloudflare.com,23287
tani.ns.cloudflare.com,23284
desi.ns.cloudflare.com,23261
nssui.comlaude.ch,23242
jewel.ns.cloudflare.com,23211
nsusa.comlaude.net,23093
pete.ns.cloudflare.com,23082
houston.ns.cloudflare.com,23062
yevgen.ns.cloudflare.com,23042
ara.ns.cloudflare.com,23022
jay.ns.cloudflare.com,23003
elle.ns.cloudflare.com,22986
max.ns.cloudflare.com,22934
ns1.domaindiscount24.net,22926
ns2.domaindiscount24.net,22915
ns3.domaindiscount24.net,22894
ns2.dinahosting.com,22870
ns.dinahosting.com,22864
syeef.ns.cloudflare.com,22854
getstore.mars.orderbox-dns.com,22838
getstore.venus.orderbox-dns.com,22811
joel.ns.cloudflare.com,22807
dan.ns.cloudflare.com,22792
otto.ns.cloudflare.com,22792
elmo.ns.cloudflare.com,22743
treasure.ns.cloudflare.com,22737
jonah.ns.cloudflare.com,22714
ns2.superdnsmanager.com,22702
ns1.superdnsmanager.com,22702
pedro.ns.cloudflare.com,22670
ns2fhn.name.com,22661
brady.ns.cloudflare.com,22536
ns2.pavietnam.vn,22420
ns1.pavietnam.vn,22412
nsbak.pavietnam.net,22397
ns4.dinahosting.com,22387
colette.ns.cloudflare.com,22379
ns3.dinahosting.com,22364
dana.ns.cloudflare.com,22276
laylah.ns.cloudflare.com,22256
john.ns.cloudflare.com,22224
gail.ns.cloudflare.com,22180
graham.ns.cloudflare.com,22180
molly.ns.cloudflare.com,22166
saanvi.ns.cloudflare.com,22156
david.ns.cloudflare.com,22153
daisy.ns.cloudflare.com,22094
marjory.ns.cloudflare.com,22084
gordon.ns.cloudflare.com,22070
plato.ns.cloudflare.com,22062
imani.ns.cloudflare.com,22031
brad.ns.cloudflare.com,22008
ns2.a2hosting.com,21998
ns1.a2hosting.com,21989
alex.ns.cloudflare.com,21983
mary.ns.cloudflare.com,21950
alina.ns.cloudflare.com,21928
zara.ns.cloudflare.com,21858
ada.ns.cloudflare.com,21821
sullivan.ns.cloudflare.com,21819
ns1045.ui-dns.org,21801
iris.ns.cloudflare.com,21760
elsa.ns.cloudflare.com,21747
sevki.ns.cloudflare.com,21713
mario.ns.cloudflare.com,21709
lars.ns.cloudflare.com,21693
marty.ns.cloudflare.com,21684
nash.ns.cloudflare.com,21665
f1g1ns1.dnspod.net,21663
f1g1ns2.dnspod.net,21658
cheryl.ns.cloudflare.com,21637
trevor.ns.cloudflare.com,21633
bruce.ns.cloudflare.com,21629
summer.ns.cloudflare.com,21605
violet.ns.cloudflare.com,21598
damon.ns.cloudflare.com,21593
nia.ns.cloudflare.com,21586
coby.ns.cloudflare.com,21543
paul.ns.cloudflare.com,21527
dahlia.ns.cloudflare.com,21504
amy.ns.cloudflare.com,21482
gwen.ns.cloudflare.com,21468
nero.ns.cloudflare.com,21420
marlowe.ns.cloudflare.com,21402
kate.ns.cloudflare.com,21381
ns1045.ui-dns.com,21366
benedict.ns.cloudflare.com,21363
ns0.directnic.com,21362
art.ns.cloudflare.com,21310
ns1.directnic.com,21308
nitin.ns.cloudflare.com,21303
terry.ns.cloudflare.com,21302
hazel.ns.cloudflare.com,21295
junade.ns.cloudflare.com,21262
celeste.ns.cloudflare.com,21257
andronicus.ns.cloudflare.com,21220
ns1.linode.com,21217
jerome.ns.cloudflare.com,21177
ns1045.ui-dns.biz,21176
ns1.dondominio.com,21172
ns2.linode.com,21160
ns1.mysecurecloudhost.com,21151
sonia.ns.cloudflare.com,21149
elijah.ns.cloudflare.com,21114
ns2.mysecurecloudhost.com,21113
daniella.ns.cloudflare.com,21084
ns3.a2hosting.com,21080
lakas.ns.cloudflare.com,21078
paige.ns.cloudflare.com,21055
margaret.ns.cloudflare.com,21024
rodrigo.ns.cloudflare.com,21008
phil.ns.cloudflare.com,20993
ns100.ovh.net,20962
dns100.ovh.net,20959
jessica.ns.cloudflare.com,20957
barbara.ns.cloudflare.com,20952
toby.ns.cloudflare.com,20944
ns2.kratosdns.net,20911
ns1.kratosdns.net,20911
autodsdomains.venus.orderbox-dns.com,20908
autodsdomains.mars.orderbox-dns.com,20907
cont603385.venus.orderbox-dns.com,20811
cont603385.mercury.orderbox-dns.com,20800
ns4.a2hosting.com,20768
brett.ns.cloudflare.com,20747
ns1-domain-expired.myhostadmin.net,20744
ns2-domain-expired.myhostadmin.net,20743
ernest.ns.cloudflare.com,20731
cont603385.mars.orderbox-dns.com,20729
isaac.ns.cloudflare.com,20727
cont603385.earth.orderbox-dns.com,20692
lisa.ns.cloudflare.com,20681
eva.ns.cloudflare.com,20676
hayes.ns.cloudflare.com,20644
randy.ns.cloudflare.com,20632
nolan.ns.cloudflare.com,20571
ns2.verification-hold.dns-suspended.com,20529
ns1.verification-hold.dns-suspended.com,20529
dilbert.ns.cloudflare.com,20522
liz.ns.cloudflare.com,20500
riya.ns.cloudflare.com,20491
cullen.ns.cloudflare.com,20487
rob.ns.cloudflare.com,20479
jean.ns.cloudflare.com,20472
ns2.world4you.at,20471
ns1.world4you.at,20469
igor.ns.cloudflare.com,20418
memphis.ns.cloudflare.com,20368
alla.ns.cloudflare.com,20352
donna.ns.cloudflare.com,20348
fred.ns.cloudflare.com,20306
major.ns.cloudflare.com,20271
gerald.ns.cloudflare.com,20264
athena.ns.cloudflare.com,20252
dane.ns.cloudflare.com,20246
hera.ns.cloudflare.com,20230
scott.ns.cloudflare.com,20216
clint.ns.cloudflare.com,20158
jarred.ns.cloudflare.com,20152
ns1045.ui-dns.de,20133
yadiel.ns.cloudflare.com,20132
ns1.rumahweb.com,20098
adaline.ns.cloudflare.com,20086
yichun.ns.cloudflare.com,20070
sloan.ns.cloudflare.com,20069
kevin.ns.cloudflare.com,20052
luciana.ns.cloudflare.com,20044
cameron.ns.cloudflare.com,20036
ns2.rumahweb.com,20028
suzanne.ns.cloudflare.com,20014
pola.ns.cloudflare.com,20005
arch.ns.cloudflare.com,20001
heidi.ns.cloudflare.com,19996
ian.ns.cloudflare.com,19995
harvey.ns.cloudflare.com,19981
fatima.ns.cloudflare.com,19964
cash.ns.cloudflare.com,19959
kolton.ns.cloudflare.com,19937
robin.ns.cloudflare.com,19931
edna.ns.cloudflare.com,19910
samara.ns.cloudflare.com,19910
coco.ns.cloudflare.com,19905
abdullah.ns.cloudflare.com,19900
arvind.ns.cloudflare.com,19893
elaine.ns.cloudflare.com,19892
sara.ns.cloudflare.com,19890
cloe.ns.cloudflare.com,19881
zainab.ns.cloudflare.com,19879
simon.ns.cloudflare.com,19869
ezra.ns.cloudflare.com,19861
martin.ns.cloudflare.com,19849
dina.ns.cloudflare.com,19842
ns3.rumahweb.net,19834
sterling.ns.cloudflare.com,19829
brynne.ns.cloudflare.com,19820
olga.ns.cloudflare.com,19812
ns4.rumahweb.net,19808
jocelyn.ns.cloudflare.com,19805
ariella.ns.cloudflare.com,19780
kia.ns.cloudflare.com,19767
cory.ns.cloudflare.com,19739
ns3.bdm.microsoftonline.com,19724
vick.ns.cloudflare.com,19718
vern.ns.cloudflare.com,19668
norah.ns.cloudflare.com,19657
steven.ns.cloudflare.com,19636
duke.ns.cloudflare.com,19622
stella.ns.cloudflare.com,19618
vin.ns.cloudflare.com,19615
fish.ns.cloudflare.com,19614
noel.ns.cloudflare.com,19611
venus.ns.cloudflare.com,19606
woz.ns.cloudflare.com,19604
etta.ns.cloudflare.com,19594
carla.ns.cloudflare.com,19594
dave.ns.cloudflare.com,19580
sima.ns.cloudflare.com,19551
everton.ns.cloudflare.com,19540
naomi.ns.cloudflare.com,19532
dns20.ovh.net,19511
ns20.ovh.net,19511
michelle.ns.cloudflare.com,19508
jaxson.ns.cloudflare.com,19507
brit.ns.cloudflare.com,19500
frank.ns.cloudflare.com,19431
mitch.ns.cloudflare.com,19430
ns2.matbao.com,19411
ns1.matbao.com,19410
ned.ns.cloudflare.com,19402
ns11.infomaniak.ch,19357
ns12.infomaniak.ch,19356
koa.ns.cloudflare.com,19338
greg.ns.cloudflare.com,19302
celine.ns.cloudflare.com,19300
lina.ns.cloudflare.com,19290
ns4.bdm.microsoftonline.com,19263
cody.ns.cloudflare.com,19248
cortney.ns.cloudflare.com,19242
leland.ns.cloudflare.com,19235
lilith.ns.cloudflare.com,19223
